title,url,publishedDate,updatedDate,imageUrl
"Cache Your AI Responses: Save Time and API Costs","https://medium.com/scrum-and-coke/cache-your-ai-responses-save-time-and-api-costs-b27a7820dbc2","2026-04-27","2026-04-27","https://miro.medium.com/v2/resize:fit:640/1*plHsXXR0y5mAuHdAgo9xdQ.png"
"Semantic Position Search with SQL Server Native Vector Search","https://medium.com/scrum-and-coke/semantic-position-search-with-sql-server-native-vector-search-3416e7091bae","2026-04-27","2026-04-27","https://miro.medium.com/v2/resize:fit:640/1*MdL7uSqs0Dus89rqdFONqQ.png"
"Semantic Position Search with Vector Embeddings in Angular Material","https://medium.com/scrum-and-coke/semantic-position-search-with-vector-embeddings-in-angular-material-9581bf63b6f0","2026-04-26","2026-04-26","https://miro.medium.com/v2/resize:fit:640/1*Ogu2JFgBjwfvQlXqEXPZ8Q.png"
"Natural Language Employee Search with LLM Query Parsing","https://medium.com/scrum-and-coke/natural-language-employee-search-with-llm-query-parsing-e1e16f9a6ee0","2026-04-25","2026-04-25","https://miro.medium.com/v2/resize:fit:640/1*5VHPtRQoJ8nuInig72BwUw.png"
"Natural Language Employee Search in Angular Material","https://medium.com/scrum-and-coke/natural-language-employee-search-in-angular-material-a275a8a8a6d6","2026-04-24","2026-04-24","https://miro.medium.com/v2/resize:fit:640/1*Lx6y5Gj39e6kcZoLfV4nQw.png"
"Build a Dedicated AI Section in Angular with Submenu Navigation","https://medium.com/scrum-and-coke/build-a-dedicated-ai-section-in-angular-with-submenu-navigation-5701b1365a57","2026-04-24","2026-04-24","https://miro.medium.com/v2/resize:fit:640/1*X55oT0LZWvzFF9j58vPJGg.png"
"Build an HR AI Assistant That Knows Your Data","https://medium.com/scrum-and-coke/build-an-hr-ai-assistant-that-knows-your-data-7608bfbbcd2a","2026-04-23","2026-04-23","https://miro.medium.com/v2/resize:fit:640/1*_rWeSHLqr3rJ6YYWrt8eoA.png"
"Run a Local LLM in Your .NET 10 API with Ollama","https://medium.com/scrum-and-coke/run-a-local-llm-in-your-net-10-api-with-ollama-73fab075217a","2026-04-23","2026-04-23","https://miro.medium.com/v2/resize:fit:640/1*HsjD0gR1AXCDyrgabSdZNQ.png"
"Zero Secrets in Config: Azure Key Vault for App Service and .NET Code","https://medium.com/scrum-and-coke/zero-secrets-in-config-azure-key-vault-for-app-service-and-net-code-ca7eb4f46761","2026-04-11","2026-04-20","https://miro.medium.com/v2/resize:fit:640/1*F_I0aStu-kLInUqjYBCd8A.png"
"Connect the Stack: Post-Deployment Configuration and Validation","https://medium.com/scrum-and-coke/connect-the-stack-post-deployment-configuration-and-validation-05cf7c71ddb3","2026-04-10","2026-04-10","https://miro.medium.com/v2/resize:fit:640/1*jol1VSAKAHh6bQN44u_LuQ.png"
"Deploy Angular to Azure Static Web Apps","https://medium.com/scrum-and-coke/deploy-angular-to-azure-static-web-apps-52ea4f2ca110","2026-04-10","2026-04-10","https://miro.medium.com/v2/resize:fit:640/1*Yghu28sp5QriRAMyB7wYGg.png"
"Deploy .NET API and IdentityServer to Azure App Service","https://medium.com/scrum-and-coke/deploy-net-api-and-identityserver-to-azure-app-service-fa7e7b23250b","2026-04-07","2026-04-07","https://miro.medium.com/v2/resize:fit:640/1*zTJzU29-CFiwIdTOIqz9eA.png"
"Secure CI/CD: Connect GitHub Actions to Azure Without Passwords","https://medium.com/scrum-and-coke/secure-ci-cd-connect-github-actions-to-azure-without-passwords-45ba434bf6d3","2026-04-07","2026-04-07","https://miro.medium.com/v2/resize:fit:640/1*4gDAC4SxTF1b_3RhF-BO5g.png"
"Infrastructure as Code: Provision All Azure Resources with One Bicep Command","https://medium.com/scrum-and-coke/infrastructure-as-code-provision-all-azure-resources-with-one-bicep-command-5526708ffff7","2026-04-05","2026-04-07","https://miro.medium.com/v2/resize:fit:640/1*07Cl6EJxX1U1TAARl9_ujg.png"
"Your First Azure Deployment: Setting Up a Visual Studio Subscription","https://medium.com/scrum-and-coke/your-first-azure-deployment-setting-up-a-visual-studio-subscription-41848291f5f6","2026-04-05","2026-04-05","https://miro.medium.com/v2/resize:fit:640/1*MqPwNrLwRTO4_BpJQ51DNg.png"
"1,000 Test Employees in 3 Seconds: Database Seeding for Development and Testing","https://medium.com/scrum-and-coke/1-000-test-employees-in-3-seconds-database-seeding-for-development-and-testing-d977ba0de366","2026-03-21","2026-04-05","https://miro.medium.com/v2/resize:fit:640/1*OXhqdaXsXkt-PZO_H5sE3g.png"
"Skip the UI: Test Your .NET API Directly with Playwright’s Request Fixture","https://medium.com/scrum-and-coke/skip-the-ui-test-your-net-api-directly-with-playwrights-request-fixture-287f7d761248","2026-03-20","2026-03-20","https://miro.medium.com/v2/resize:fit:640/1*d9p9mnuV0Us04ebrM5_3eg.png"
"How to Extract and Verify JWT Tokens in Playwright Tests","https://medium.com/scrum-and-coke/how-to-extract-and-verify-jwt-tokens-in-playwright-tests-be229c6ccee6","2026-03-19","2026-03-19","https://miro.medium.com/v2/resize:fit:640/1*nNdq2qpfKGggBNs_rRC9kA.png"
"One Feature, Three Users: Testing Role-Based Access Control with Playwright","https://medium.com/scrum-and-coke/one-feature-three-users-testing-role-based-access-control-with-playwright-480a737fe332","2026-03-19","2026-03-19","https://miro.medium.com/v2/resize:fit:640/1*eNcmogoP-PL21eNGa1rV_g.png"
"Stop Copy-Pasting Selectors: The Page Object Model for Angular Material","https://medium.com/scrum-and-coke/stop-copy-pasting-selectors-the-page-object-model-for-angular-material-e5918ccb929c","2026-03-17","2026-03-17","https://miro.medium.com/v2/resize:fit:640/1*BxWNsoKf8eJ1CQuCRUkbrA.png"
"Your First Playwright Test for an Angular App — From Zero to Green","https://medium.com/scrum-and-coke/your-first-playwright-test-for-an-angular-app-from-zero-to-green-bfb70b4a3acd","2026-03-17","2026-03-17","https://miro.medium.com/v2/resize:fit:640/1*6g-lrMRXxlfD-oVVkAqeDw.png"
"Why We Didn’t Build the Admin Shell from Scratch: ng-matero Explained","https://medium.com/scrum-and-coke/why-we-didnt-build-the-admin-shell-from-scratch-ng-matero-explained-e3ccfddb4ef1","2026-03-15","2026-03-15","https://miro.medium.com/v2/resize:fit:640/1*XoE4LyAVKPU1z2U2DQkscQ.png"
"The Right Way to Ask “Are You Sure?” — Angular Material Dialogs for Confirm Actions","https://medium.com/scrum-and-coke/the-right-way-to-ask-are-you-sure-angular-material-dialogs-for-confirm-actions-c4603350c55b","2026-03-15","2026-03-15","https://miro.medium.com/v2/resize:fit:640/1*1LyZ0mWtD30FOPAJhH9aoA.png"
"Reactive Forms Done Right: Validation Patterns Every Angular Developer Should Know","https://medium.com/scrum-and-coke/reactive-forms-done-right-validation-patterns-every-angular-developer-should-know-6065450a7e96","2026-03-14","2026-03-14","https://miro.medium.com/v2/resize:fit:640/1*Kw19Vd1RLQusPIIjTvRdgA.png"
"Fullstack Angular DotNet — Blog Series Navigation","https://medium.com/scrum-and-coke/fullstack-angular-dotnet-blog-series-navigation-4ea144264302","2026-03-13","2026-04-05","https://miro.medium.com/v2/resize:fit:640/1*O61CnkqR10t2ZFcqq7rowQ.png"
"Build a Production-Ready Data Table in Angular Material: Sort, Filter, Page","https://medium.com/scrum-and-coke/build-a-production-ready-data-table-in-angular-material-sort-filter-page-efecaf28dac5","2026-03-13","2026-03-13","https://miro.medium.com/v2/resize:fit:640/1*oO_BFsUlAvwI8oFf6kbfmA.png"
"Speed Up Your Dashboard: Easy Response Caching in .NET 10 With EasyCaching","https://medium.com/scrum-and-coke/speed-up-your-dashboard-easy-response-caching-in-net-10-with-easycaching-9d85bc0697e4","2026-03-11","2026-03-13","https://miro.medium.com/v2/resize:fit:640/1*u4oWD_oTDmTxDEZ0h6ALfg.png"
"Test Your Secured .NET API Without Writing a Single Line of Frontend Code","https://medium.com/scrum-and-coke/test-your-secured-net-api-without-writing-a-single-line-of-frontend-code-7c5dec5e74fb","2026-03-11","2026-03-13","https://miro.medium.com/v2/resize:fit:640/1*9MMfkXTRGnJcxyzBX8I2sw.png"
"Future-Proof Your .NET API: Add Versioning Without Breaking Existing Clients","https://medium.com/scrum-and-coke/future-proof-your-net-api-add-versioning-without-breaking-existing-clients-4f0e9a6c06c6","2026-03-10","2026-03-13","https://miro.medium.com/v2/resize:fit:640/1*E5JDpkCQjGkg302MNya-Ug.png"
"How Your .NET API Knows to Trust Angular — JWT Validation Explained","https://medium.com/scrum-and-coke/how-your-net-api-knows-to-trust-angular-jwt-validation-explained-4ca5a82ca0e6","2026-03-09","2026-03-13","https://miro.medium.com/v2/resize:fit:640/1*BxhCvgKnTzUC8roZ3_pJ8g.png"
"How to Structure a .NET 10 API So It Doesn’t Become a Mess","https://medium.com/scrum-and-coke/how-to-structure-a-net-10-api-so-it-doesnt-become-a-mess-c8898ab53552","2026-03-09","2026-03-13","https://miro.medium.com/v2/resize:fit:640/1*CYjXaHaSrMYmEGVrL6oKcA.png"
"Show the Right Buttons to the Right People: Role-Based UI in Angular","https://medium.com/scrum-and-coke/show-the-right-buttons-to-the-right-people-role-based-ui-in-angular-a111feeea94c","2026-03-08","2026-03-13","https://miro.medium.com/v2/resize:fit:640/1*pE4ekCyu3AfixaSuoK8fdA.png"
"Never Forget a Bearer Token Again: Angular’s HTTP Interceptor Explained","https://medium.com/scrum-and-coke/never-forget-a-bearer-token-again-angulars-http-interceptor-explained-805b7a63d9c7","2026-03-07","2026-03-13","https://miro.medium.com/v2/resize:fit:640/1*A8bs4A_aDzCd49penVKFTQ.png"
"Lock Down Your Angular Routes: Auth Guards with OIDC in 5 Minutes","https://medium.com/scrum-and-coke/lock-down-your-angular-routes-auth-guards-with-oidc-in-5-minutes-fc48d2766da8","2026-03-06","2026-03-08","https://miro.medium.com/v2/resize:fit:640/1*eYN28hOWmftW4o529DS9lQ.png"
"Why Your Angular App Needs PKCE: OAuth 2.0 Explained with a Working Demo","https://medium.com/scrum-and-coke/why-your-angular-app-needs-pkce-oauth-2-0-explained-with-a-working-demo-bd326d8cdd89","2026-03-06","2026-03-13","https://miro.medium.com/v2/resize:fit:640/1*OmTIx3fdtnMMW8iqDOpfbQ.png"
"End-to-End Testing Made Simple: How Playwright Transforms Testing for Angular Applications","https://medium.com/scrum-and-coke/end-to-end-testing-made-simple-how-playwright-transforms-testing-for-angular-applications-a329dc687702","2026-03-04","2026-03-13","https://miro.medium.com/v2/resize:fit:640/1*8xQgB_ufUYjFCwLRLVsB8w.png"
"Stop Juggling Multiple Repos: Manage Your Full-Stack App Like a Workspace","https://medium.com/scrum-and-coke/stop-juggling-multiple-repos-manage-your-full-stack-app-like-a-workspace-71726f393a41","2026-02-09","2026-03-13","https://miro.medium.com/v2/resize:fit:640/1*i8vnRLKYlL04oI9NeSncLw.png"
"SMTP Email Features in Template OnionAPI v10.3.0","https://medium.com/scrum-and-coke/smtp-email-features-in-template-onionapi-v10-3-0-119fce4dbf69","2026-02-09","2026-02-09","https://miro.medium.com/v2/resize:fit:640/1*6mgz81EmipGjmMSMgoI_ag.png"
"Building Modern Web Applications with Angular, .NET, and OAuth 2.0 — Complete Tutorial Series","https://medium.com/scrum-and-coke/building-modern-web-applications-with-angular-net-and-oauth-2-0-complete-tutorial-series-7ea97ed3fc56","2026-02-06","2026-02-11","https://miro.medium.com/v2/resize:fit:640/0*prAHFoKjHvXLqtYe.png"
"Feature Management in Template OnionAPI v10.2.0","https://medium.com/scrum-and-coke/feature-management-in-template-onionapi-v10-2-0-1f1437de1cc6","2026-01-29","2026-01-29","https://miro.medium.com/v2/resize:fit:640/0*Ay7SWBh2EEkCdQ2F.png"
"Migrating Specifications to Ardalis.Specification in Template OnionAPI v10.2.0","https://medium.com/scrum-and-coke/migrating-specifications-to-ardalis-specification-in-template-onionapi-v10-2-0-843577c8b5c2","2026-01-29","2026-01-29","https://miro.medium.com/v2/resize:fit:640/0*9Q8r4XzVbcX2zvMo.png"
"EasyCaching in Template OnionAPI v10.1.2: Fast, Observable, and Invalidation-Friendly","https://medium.com/scrum-and-coke/easycaching-in-template-onionapi-v10-1-2-fast-observable-and-invalidation-friendly-034ebfa87c54","2026-01-24","2026-01-25","https://miro.medium.com/v2/resize:fit:640/1*9itA2vXShJ1F_woFM5nt9g.png"
"Open-Source Messaging and Mapping in Template OnionAPI v10.1.2","https://medium.com/scrum-and-coke/open-source-messaging-and-mapping-in-template-onionapi-v10-1-2-7931aeb80a9d","2026-01-23","2026-01-23","https://miro.medium.com/v2/resize:fit:640/1*9itA2vXShJ1F_woFM5nt9g.png"
"Measuring API Performance with Execution Timing in Template OnionAPI","https://medium.com/scrum-and-coke/measuring-api-performance-with-execution-timing-in-template-onionapi-7b5d6d1ed2e1","2026-01-08","2026-01-08","https://miro.medium.com/v2/resize:fit:640/1*m1KL2oSw3T0eXJaF3Wov5g.png"
"Building Reliable APIs with the Result Pattern in Template OnionAPI","https://medium.com/scrum-and-coke/building-reliable-apis-with-the-result-pattern-in-template-onionapi-54f7bc229d24","2026-01-07","2026-01-07","https://miro.medium.com/v2/resize:fit:640/1*m1KL2oSw3T0eXJaF3Wov5g.png"
"Smarter Data Shaping in Template OnionAPI","https://medium.com/scrum-and-coke/smarter-data-shaping-in-template-onionapi-502d56c45f34","2026-01-06","2026-01-06","https://miro.medium.com/v2/resize:fit:640/1*m1KL2oSw3T0eXJaF3Wov5g.png"
"Harnessing Specifications to Simplify .NET APIs in Template OnionAPI","https://medium.com/scrum-and-coke/harnessing-specifications-to-simplify-net-apis-in-template-onionapi-e1d0189e6d79","2026-01-05","2026-01-06","https://miro.medium.com/v2/resize:fit:640/1*m1KL2oSw3T0eXJaF3Wov5g.png"
"Template Onion API on .NET 10: Ready for Visual Studio 2026","https://medium.com/scrum-and-coke/template-onion-api-on-net-10-ready-for-visual-studio-2026-6d9166292eb9","2026-01-05","2026-01-06","https://miro.medium.com/v2/resize:fit:640/1*m1KL2oSw3T0eXJaF3Wov5g.png"
"Building a PDF Chat App with .NET, Ollama, and Qdrant Vector DB","https://medium.com/scrum-and-coke/building-ai-powered-document-chat-with-rag-in-net-a-complete-guide-for-local-llm-integration-afc543e672ec","2025-08-13","2025-08-16","https://miro.medium.com/v2/resize:fit:640/1*xtgPBq_h438pnslLpsMQ9w.png"
"Angular 20 + .NET 9 Web API + Duende IdentityServer v7 Tutorial","https://medium.com/scrum-and-coke/angular-20-net-9-web-api-duende-identityserver-v7-tutorial-cf5b6a530e69","2025-08-11","2025-08-14","https://miro.medium.com/v2/resize:fit:640/1*YHjSqVmgIAaIHZHnFtA1tg.png"
"Testing Clean Architecture Web APIs: A Comprehensive Guide","https://medium.com/scrum-and-coke/testing-clean-architecture-web-apis-a-comprehensive-guide-cb42ff84e668","2025-08-03","2025-08-03","https://miro.medium.com/v2/resize:fit:640/1*GBH5CWBtHbjuX9yGsj5kTA.png"
"🔥 Build Fast with Angular 19 + Bootstrap 5: A Developer’s Starter Kit","https://medium.com/scrum-and-coke/build-fast-with-angular-19-bootstrap-5-a-developers-starter-kit-17ffb373e798","2025-08-03","2025-08-03","https://miro.medium.com/v2/resize:fit:640/1*Kspu0sSmxHAksK2CAMSc3A.png"
"Visual Studio Template OnionAPI — Release Notes","https://medium.com/@fuji-nguyen/visual-studio-template-onionapi-release-notes-f6769fe56ca7","2025-01-09","2025-01-10","https://miro.medium.com/v2/resize:fit:640/1*7r3fm7qq4z4JBj3ainFuhA.png"
"Getting Started with Ollama and .NET 9 Web API","https://medium.com/scrum-and-coke/getting-started-with-ollama-and-net-9-web-api-1d86b2fc39a5","2024-12-24","2025-01-13","https://miro.medium.com/v2/resize:fit:640/1*8xNz2deXzXVV-HbkSMpviA.png"
"Creating a Web API with .NET 9 to Interact with a Local Ollama AI Instance using Llama 3.1","https://medium.com/scrum-and-coke/creating-a-web-api-with-net-9-to-interact-with-a-local-ollama-ai-instance-using-llama-3-1-41fcc3cceb8b","2024-12-22","2026-04-01","https://miro.medium.com/v2/resize:fit:640/0*TuGmzTqW8j96Ntj8"
"Familiarizing .NET Developers with Ollama: Leveraging Local AI Models for System Integration","https://medium.com/knowledge-pills/familiarizing-net-developers-with-ollama-leveraging-local-ai-models-for-system-integration-b71e781e5582","2024-12-22","2025-01-13","https://miro.medium.com/v2/resize:fit:640/1*bt3GQzhDO_4P_qaaS_okPA.png"
"Mastering Ball Placement in Pickleball","https://medium.com/pickleball/mastering-ball-placement-in-pickleball-92dc3828a60c","2024-12-08","2024-12-08","https://miro.medium.com/v2/resize:fit:640/1*3P6d793yJ1mVGS29SUBQYw.png"
"Tai Chi for Pickleball Players","https://medium.com/pickleball/tai-chi-for-pickleball-players-a79660ffebe5","2024-11-30","2024-11-30","https://miro.medium.com/v2/resize:fit:640/0*IKufhBU-zex5N7Cs"
"1.5-Hour Pickleball Training Plan: Becoming Offensive","https://medium.com/pickleball/1-5-hour-pickleball-training-plan-becoming-offensive-5b4cb15978fd","2024-11-17","2024-11-17","https://miro.medium.com/v2/resize:fit:640/110c09ba4444e338d29ed74adb04b0bf053357845c57c64219ba0655d653a4cd"
"New Pickleball Student Evaluation and Training Plan","https://medium.com/pickleball/new-pickleball-student-evaluation-and-training-plan-7a1e37e0899b","2024-11-14","2024-11-14","https://miro.medium.com/v2/resize:fit:640/253d1ac7271c0a7cc8f41cd8f9de7fb7148297ef9c17b11e085fd6559557c22b"
"90-Minute Pickleball Training Plan","https://medium.com/pickleball/90-minute-pickleball-training-plan-8f9eca7b7456","2024-11-11","2024-11-13","https://miro.medium.com/v2/resize:fit:640/a8ce0cea4b9fef8a54ce3f0bb96f7de702490ca0eded890b5bee29316727e477"
"Pickleball Doubles Training Session: Mastering Shake and Bake & 3rd Shot Drive/5th Shot Reset","https://medium.com/pickleball/pickleball-doubles-training-session-mastering-shake-and-bake-3rd-shot-drive-5th-shot-reset-37f9fd6b4bba","2024-11-03","2024-11-13","https://miro.medium.com/v2/resize:fit:640/0*R3c1nGQUnEJY1De4"
"Pickleball Doubles Training Session: Mastering Stacking and the 3rd Shot Drop","https://medium.com/pickleball/pickleball-doubles-training-session-mastering-stacking-and-the-3rd-shot-drop-4544af1c7690","2024-11-03","2024-11-13","https://miro.medium.com/v2/resize:fit:640/0*OY3pHdnW7kr7t4cJ"
"The Essential Pickleball Training Skills for New Players: A Coach’s Guide","https://medium.com/pickleball/the-essential-pickleball-training-skills-for-new-players-a-coachs-guide-9e5f87ec9dea","2024-10-21","2024-11-14","https://miro.medium.com/v2/resize:fit:640/0*EzVJchtH7OSjznA0"
"How to Render HTML and Convert to PDF in a .NET Core Web API Using Razor and PuppeteerSharp","https://medium.com/scrum-and-coke/how-to-render-html-and-convert-to-pdf-in-a-net-core-web-api-using-razor-and-puppeteersharp-f3526b23dd04","2024-10-18","2024-11-14","https://miro.medium.com/v2/resize:fit:640/0*fx3nNJd3gqcH0mDy"
"Announcing TemplateOnionAPI v8.8: New Features for Enhanced Web API Development","https://medium.com/scrum-and-coke/announcing-templateonionapi-v8-8-new-features-for-enhanced-web-api-development-8494a5542518","2024-08-17","2024-11-18","https://miro.medium.com/v2/resize:fit:640/0*Y9ZyVGrK7LtbOtcF"
"Generating SQL Scripts for EF Core Migrations from IdentityServer4 to Duende 6 and then Duende 7","https://medium.com/scrum-and-coke/generating-sql-scripts-for-ef-core-migrations-from-identityserver4-to-duende-6-and-then-duende-7-0e939e371c53","2024-08-12","2024-11-18","https://miro.medium.com/v2/resize:fit:640/1*8beEbTXyjRa35qAwmf43qg.png"
"EF Core Migrations in Azure DevOps Pipelines with YAML Configuration and Environment Setup","https://medium.com/knowledge-pills/ef-core-migrations-in-azure-devops-pipelines-with-yaml-configuration-and-environment-setup-1c77e9a211cd","2024-08-12","2024-11-18","https://miro.medium.com/v2/resize:fit:640/1*hHVLcSXVYDSf6GBeUJINeg.png"
"Applying EF Core Migrations at Application Startup with the Migrate() Method","https://medium.com/knowledge-pills/applying-ef-core-migrations-at-application-startup-with-the-migrate-method-5f3f85e8fca9","2024-08-12","2024-11-18","https://miro.medium.com/v2/resize:fit:640/1*N7utKYqqNmIhyfA6gkGRCw.png"
"Integration of NetCore WebAPI with ChatGPT and Elasticsearch: Benefits and Example","https://medium.com/scrum-and-coke/integration-of-netcore-webapi-with-chatgpt-and-elasticsearch-benefits-and-example-19c82c4811a7","2024-07-04","2024-11-21","https://miro.medium.com/v2/resize:fit:640/0*O-6M7iwz3mjmPifH"
"Integrating Elasticsearch with .NET Core Web API for Talent Management","https://medium.com/scrum-and-coke/integrating-elasticsearch-with-net-core-web-api-for-talent-management-11d537e7fc46","2024-07-04","2024-11-21","https://miro.medium.com/v2/resize:fit:640/1*jAz76ip8H92kgnO1WeKUlg.png"
"Understanding the Differences Between XLS and XLSX File Formats","https://medium.com/knowledge-pills/understanding-the-differences-between-xls-and-xlsx-file-formats-286011759b0e","2024-06-23","2024-11-22","https://miro.medium.com/v2/resize:fit:640/c8790a6ac4cec21263a79305da5e27032b2811c3bb5ebcbf60bd0ade41026a5c"
"How to Export Data to Excel from an ASP.NET Web Form Project","https://medium.com/scrum-and-coke/how-to-export-data-to-excel-from-an-asp-net-web-form-project-cf05bc2258ef","2024-06-23","2024-11-22","https://miro.medium.com/v2/resize:fit:640/1*z3C8bDCfOpCYkX8q2_zPxQ.png"
"Server-Side Pagination/CRUD with legacy ASP.NET Web Forms","https://medium.com/scrum-and-coke/server-side-pagination-with-asp-net-web-forms-25ed8efa25fc","2024-06-11","2024-11-23","https://miro.medium.com/v2/resize:fit:640/1*vXcl0DajU53EU1TwNIuJjQ.png"
"Angular 17 and .NET Core 8: ChatGPT and WebAPI Integration","https://medium.com/scrum-and-coke/angular-17-and-net-core-8-chatgpt-and-webapi-integration-9a3ab20ca01e","2024-02-25","2024-03-12","https://miro.medium.com/v2/resize:fit:640/0*Q7ornX9qe1xKAU-Q"
"How can I measure the diversity and inclusion of my company using ChatGPT?","https://medium.com/knowledge-pills/how-can-i-measure-the-diversity-and-inclusion-of-my-company-using-chatgpt-a4f282d6cf90","2024-02-25","2024-02-25","https://miro.medium.com/v2/resize:fit:640/0*LeZKmSlUj7YNC4j8"
"Angular 17 and .NET Core 8: CQRS and Mediator Pattern for CRUD Operations in REST API","https://medium.com/scrum-and-coke/angular-17-and-net-core-8-cqrs-and-mediator-pattern-for-crud-operations-in-rest-api-8af8995d2671","2024-02-24","2024-02-25","https://miro.medium.com/v2/resize:fit:640/0*HUlEI6jRRulD87rW"
"Angular 17 and .NET Core 8: Fake Data with Bogus Library","https://medium.com/scrum-and-coke/angular-17-and-net-core-8-fake-data-with-bogus-library-37cd07873ce7","2024-02-21","2024-02-22","https://miro.medium.com/v2/resize:fit:640/0*FevwmRrI1iuvxN3V"
"Pickleball Tips: Calling Every Ball for Better Team Communication","https://medium.com/pickleball/pickleball-tips-calling-every-ball-for-better-team-communication-e06ed4c0fc89","2024-02-16","2024-02-24","https://miro.medium.com/v2/resize:fit:640/0*aBoVMgwJdjXMURx8"
"Custom ChatGPT Data Analyst: A Guide to Data Analysis and Visualization","https://medium.com/knowledge-pills/chatgpt-data-analyst-a-guide-to-data-analysis-and-visualization-bc0423a5b4b5","2024-02-11","2024-02-20","https://miro.medium.com/v2/resize:fit:640/0*NFjhgFU3WlN3_1zB"
"Custom ChatGPT ‘Diagrams: Show Me’: Your Guide to Creating and Editing Diagrams","https://medium.com/knowledge-pills/free-custom-chatgpt-diagrams-show-me-your-guide-to-creating-and-editing-diagrams-1c456e5e9af4","2024-02-11","2024-02-13","https://miro.medium.com/v2/resize:fit:640/0*SZJoW3MmQ3OLqUXH"
"Angular 17 and .NET Core 8: Productivity Tools and Third-party Libraries","https://medium.com/scrum-and-coke/angular-17-and-net-core-8-979c6a706912","2024-02-04","2024-03-03","https://miro.medium.com/v2/resize:fit:640/0*lvK1D0354V53yMfp"
"Angular 17 and NET Core 8: Secure WebAPI with JSON Web Token and Security Policy","https://medium.com/scrum-and-coke/talent-management-spa-with-angular-17-and-net-core-8-tutorial-8-c1c16396d813","2024-02-02","2024-02-17","https://miro.medium.com/v2/resize:fit:640/0*MLhobHWY5pg-vyWW"
"Angular 17 and NET Core 8: Secure Angular Application with JWT-Based Authentication, Authorization","https://medium.com/scrum-and-coke/talent-management-spa-with-angular-17-and-net-core-8-tutorial-7-337d59c41d80","2024-01-31","2024-02-17","https://miro.medium.com/v2/resize:fit:640/0*a5caAOBdRV05w4-e"
"Angular 17 and NET Core 8: Angular Login and Token Refresh Integration with Duende","https://medium.com/@fuji-nguyen/talent-management-spa-with-angular-17-and-net-core-8-tutorial-6-2130b8b813d2","2024-01-30","2024-02-16","https://miro.medium.com/v2/resize:fit:640/0*9K5NPSyHxIrS87yT"
"Angular 17 and NET Core 8: Exploring Token Server in Depth, including Client, User, Role, and Scope","https://medium.com/scrum-and-coke/talent-management-spa-with-angular-17-and-net-core-8-tutorial-5-4d2d5172bf56","2024-01-28","2024-02-17","https://miro.medium.com/v2/resize:fit:640/0*dx_8wgKCuGMMiruN"
"Angular 17 & NET Core 8: Talent Management SPA Online Demo","https://medium.com/scrum-and-coke/talent-management-spa-with-angular-17-net-core-8-appendix-b-4f019b532a4c","2024-01-28","2024-02-19","https://miro.medium.com/v2/resize:fit:640/0*i866wQIFcftFyBGY"
"Legacy .NET Framework Web Forms User Control vs Modern Angular Component","https://medium.com/knowledge-pills/legacy-net-framework-web-forms-user-control-vs-modern-angular-component-3884b5068942","2024-01-28","2024-01-29","https://miro.medium.com/v2/resize:fit:640/0*lVV12_ACHSYMUtHI"
"Angular 17 and NET Core 8: Deep Dive into Angular Client","https://medium.com/scrum-and-coke/talent-management-spa-with-angular-17-and-net-core-8-tutorial-4-1b0f2ba54ac6","2024-01-25","2024-02-17","https://miro.medium.com/v2/resize:fit:640/0*hgynoKObi6XMyD-T"
"Angular 17 and NET Core 8: Simplifying Repository Registration with Scrutor library","https://medium.com/scrum-and-coke/simplifying-repository-registration-in-net-with-scrutor-library-6fac92cd87eb","2024-01-24","2024-02-22","https://miro.medium.com/v2/resize:fit:640/0*Jy4G7qxzz-U1u4P9"
"Organizing a Pickleball Round Robin for 8 Players on Two Courts","https://medium.com/pickleball/organizing-a-pickleball-round-robin-for-8-players-on-two-courts-df2b0acfc85c","2024-01-21","2024-02-24","https://miro.medium.com/v2/resize:fit:640/0*gLwRXR9AFLqPHpOY"
"Organizing a Pickleball Round Robin for 9 Players on Two Courts","https://medium.com/pickleball/setting-up-a-pickleball-round-robin-for-9-players-on-two-courts-68846fdd680c","2024-01-21","2024-02-24","https://miro.medium.com/v2/resize:fit:640/0*E2R9B-NqaWu0Ol4x"
"Organizing a Pickleball Round Robin for 10 Players on Two Courts","https://medium.com/pickleball/setting-up-a-pickleball-round-robin-for-10-players-on-two-courts-8a339cc62ff0","2024-01-21","2024-01-21","https://miro.medium.com/v2/resize:fit:640/0*kI9qWKytpfgLfqAM"
"Angular 17 and NET Core 8: Implementing Data Services Using EF Core Code First","https://medium.com/scrum-and-coke/talent-management-spa-with-angular-17-and-net-core-8-7fa055e76755","2024-01-20","2024-02-17","https://miro.medium.com/v2/resize:fit:640/0*oVuNZie4m0EZ7RCj"
"Enhancing Entity Framework Core Debugging: Displaying SQL Statements in the Visual Studio Output…","https://medium.com/knowledge-pills/enhancing-entity-framework-core-debugging-displaying-sql-statements-in-the-visual-studio-output-63a99e1d4897","2024-01-20","2024-02-05","https://miro.medium.com/v2/resize:fit:640/0*whHgIoeCz2HFxQL7"
"Repository in Clean Architecture","https://medium.com/knowledge-pills/repository-in-clean-architecture-b5fd8bb539ae","2024-01-17","2024-01-18","https://miro.medium.com/v2/resize:fit:640/0*_aLLPlcGoADiBFl8"
"Domain Models in Clean Architecture","https://medium.com/knowledge-pills/domain-models-in-clean-architecture-cd91c53b2388","2024-01-17","2024-01-18","https://miro.medium.com/v2/resize:fit:640/0*h4WhHhoM_jnBTAad"
"Angular 17 and NET Core 8: Implementing WebAPI with Clean Architecture","https://medium.com/scrum-and-coke/building-a-talent-management-spa-with-angular-17-and-net-core-8-64b20057625b","2024-01-17","2024-02-17","https://miro.medium.com/v2/resize:fit:640/0*h4WhHhoM_jnBTAad"
"Building a Talent Management SPA with Angular 17 and .NET Core 8 | Tutorial Series","https://medium.com/scrum-and-coke/building-a-talent-management-spa-with-angular-17-and-net-core-8-tutorial-series-f28f0edc9069","2024-01-15","2024-07-04","https://miro.medium.com/v2/resize:fit:640/0*vsPpTuXQUHHX0066"
"Angular 17 and NET Core 8: Setting Up the Project","https://medium.com/scrum-and-coke/talent-management-spa-with-angular-17-and-net-core-8-tutorial-1-f265ad8269ed","2024-01-15","2024-02-17","https://miro.medium.com/v2/resize:fit:640/0*e47-qI_qtE1a3xoV"
"Comparing Two Lists in C# and Creating a List of Matches","https://medium.com/scrum-and-coke/comparing-two-lists-in-c-and-creating-a-list-of-matches-4a78f5a0aa14","2024-01-15","2024-01-24","https://miro.medium.com/v2/resize:fit:640/0*nr4u4JbWMyp7mgUz"
"DTO in .NET Core Web API","https://medium.com/knowledge-pills/dto-in-net-core-web-api-21ca6c45d78c","2024-01-08","2024-01-10","https://miro.medium.com/v2/resize:fit:640/0*gO7NHUr8U59rKG-F"
"Integrating .NET Core Web API with Kafka: A Clean Architecture Approach","https://medium.com/scrum-and-coke/integrating-net-core-web-api-with-kafka-a-clean-architecture-approach-eb7b0e2ef224","2024-01-05","2024-01-10","https://miro.medium.com/v2/resize:fit:640/0*kz8bnI8RAb40tUHe"
"Fun Facts: Presidents of the United States","https://medium.com/knowledge-pills/fun-facts-presidents-of-the-united-states-312e1b8d65a8","2023-12-25","2023-12-25","https://miro.medium.com/v2/resize:fit:640/0*yvQslyrKi1Jz3_6v"
"Shaping Data in a Web API Project: The Power of Generic Classes in C#","https://medium.com/scrum-and-coke/shaping-data-in-a-web-api-project-the-power-of-generic-classes-in-c-aa7e37b2bd17","2023-12-25","2024-01-06","https://miro.medium.com/v2/resize:fit:640/0*tWTDF4pYHMzK_pA_"
"Understanding Abstract Classes in C# with Real-World Examples","https://medium.com/scrum-and-coke/understanding-abstract-classes-in-c-with-real-world-examples-31ce73b5e05a","2023-12-25","2024-01-06","https://miro.medium.com/v2/resize:fit:640/0*zAG7k1UA3VD2zsVn"
"Data Shaping in Web API using EF Core and LinqKit","https://medium.com/scrum-and-coke/data-shaping-in-web-api-using-ef-core-and-linqkit-9eee0e2c8038","2023-12-17","2023-12-25","https://miro.medium.com/v2/resize:fit:640/1*_zdGJocgFG4qLXLnunG0OA.png"
"Seamlessly Integrating MediatR and FluentValidation in .NET Core for Robust Validation Rules","https://medium.com/scrum-and-coke/seamlessly-integrating-mediatr-and-fluentvalidation-in-net-core-for-robust-validation-rules-d08c07f52fdd","2023-12-14","2024-01-08","https://miro.medium.com/v2/resize:fit:640/0*8_FfBjVK6F9PqPkQ"
"Building a Generic Repository Interface in .NET Using Generics: A Practical Guide","https://medium.com/scrum-and-coke/building-a-generic-repository-interface-in-net-using-generics-a-practical-guide-4ba2369b4b07","2023-12-14","2024-07-05","https://miro.medium.com/v2/resize:fit:640/0*AAK6cokofE9ma-_y"
"Optimizing Bulk Inserts in EF Core: A Comprehensive Guide","https://medium.com/scrum-and-coke/optimizing-bulk-inserts-in-ef-core-a-comprehensive-guide-c785af9ec7ee","2023-12-12","2023-12-16","https://miro.medium.com/v2/resize:fit:640/0*6Oa95G7KCJhVoV33"
"Building .NET 8 Web API for a Warehouse Application Using Visual Studio Template OnionAPI","https://medium.com/scrum-and-coke/building-net-8-web-api-with-visual-studio-template-onionapi-tutorial-42062603deff","2023-12-11","2026-01-06","https://miro.medium.com/v2/resize:fit:640/0*WK-4jVTp5OaP_vS5"
"Upgrade Angular 16 to 17 and Try Out New Control Flow Language","https://medium.com/scrum-and-coke/upgrade-angular-16-to-17-and-try-out-new-control-flow-language-7a50e62a73c7","2023-12-04","2025-01-13","https://miro.medium.com/v2/resize:fit:640/0*fg513PRpNEpqWKJu"
"Visual Studio Template Onion API: Version 8.1 Release Notes","https://medium.com/scrum-and-coke/visual-studio-template-onion-api-version-8-1-release-notes-fc6946717e27","2023-11-30","2023-12-16","https://miro.medium.com/v2/resize:fit:640/1*bJ-T-LUSDjovBo9O-OSArA.png"
"Understanding IList: The Interface in C# and Example Usage in Web API","https://medium.com/knowledge-pills/understanding-ilist-the-interface-in-c-and-example-usage-in-web-api-8a3de6ea3137","2023-11-20","2023-11-21","https://miro.medium.com/v2/resize:fit:640/0*LaHV4fNco8AoyGjX.png"
"Demystifying IList, ICollection, and IEnumerable in C#: Choosing the Right Collection Interface","https://medium.com/knowledge-pills/demystifying-ilist-icollection-and-ienumerable-in-c-choosing-the-right-collection-interface-543af76f7cc6","2023-11-20","2023-11-21","https://miro.medium.com/v2/resize:fit:640/0*aJnur8TJmRiClEiB.png"
"Exploring ICollection in C#: Example Usage in Web APIs","https://medium.com/knowledge-pills/exploring-icollection-in-c-example-usage-in-web-apis-ea18004bc08f","2023-11-14","2023-11-15","https://miro.medium.com/v2/resize:fit:640/0*tZ59uod994NgPM90.png"
"Pickleball Fun Drill — The Two Towers (Inspired by Lord of the Rings)","https://medium.com/pickleball/pickleball-fun-drill-the-two-towers-inspired-by-lord-of-the-rings-2db833ba9877","2023-11-14","2023-12-14","https://miro.medium.com/v2/resize:fit:640/3b073f7105bcb0070d5bd9098b373c2a23f26adebfa1e78a98950176da972768"
"Specifying Data Types and Lengths in EF Core: A Quick Guide to Property Configuration","https://medium.com/knowledge-pills/specifying-data-types-and-lengths-in-ef-core-a-quick-guide-to-property-configuration-0926d5d1bd30","2023-11-14","2023-11-15","https://miro.medium.com/v2/resize:fit:640/0*l05EOGqD4LQp-eiv.png"
"Defining Primary and Foreign Keys in EF Core: Quick Guide to Key Relationships","https://medium.com/knowledge-pills/defining-primary-and-foreign-keys-in-ef-core-quick-guide-to-key-relationships-a02fb34b8d15","2023-11-14","2024-06-21","https://miro.medium.com/v2/resize:fit:640/0*xmOep6VZECAJPeig.png"
"What is IEnumerable<T> in C#?","https://medium.com/knowledge-pills/what-is-ienumerable-t-in-c-ba79c4452c48","2023-11-14","2023-11-15","https://miro.medium.com/v2/resize:fit:640/0*nqvS-nkrVNrTW-Mw.png"
"Master Pickleball Third Shot Drop Technique","https://medium.com/pickleball/mastering-the-third-shot-drop-technique-0b5ba7235641","2023-10-27","2024-02-24","https://miro.medium.com/v2/resize:fit:640/0*XN8DgEMRQ4Aj6PGm"
"What is 4th shot in Pickleball?","https://medium.com/pickleball/what-is-4th-shot-in-pickleball-e72c982a34b3","2023-10-27","2024-02-24","https://miro.medium.com/v2/resize:fit:640/0*3lJVckAmL6HgxtE7"
"What is 3rd shot in Pickleball?","https://medium.com/pickleball/what-is-3rd-shot-in-pickleball-37ea2a8b49a7","2023-10-27","2024-02-24","https://miro.medium.com/v2/resize:fit:640/0*7xtwNQjNy1Gt-D8n"
"What is Record in C#?","https://medium.com/knowledge-pills/what-is-record-in-c-92b0a4d89d26","2023-10-23","2023-10-25","https://miro.medium.com/v2/resize:fit:640/0*blPLfaqn0RNlIJSE.png"
"Angular Advanced UI: Combo Box with Typeahead Search and Rating Component in Reactive Form","https://medium.com/scrum-and-coke/angular-advanced-ui-combo-box-with-typeahead-search-and-rating-component-in-reactive-form-e32b5152ee86","2023-10-23","2023-12-14","https://miro.medium.com/v2/resize:fit:640/1*WLZNywuBUtoi4yeGz_yn9g.png"
"Angular Trick: Override Environment variables with JSON App Settings","https://medium.com/@fuji-nguyen/angular-trick-override-environment-variables-with-json-app-settings-6675aed1a84b","2023-10-22","2024-06-11","https://miro.medium.com/v2/resize:fit:640/0*p2fV6xhQsgngzxJQ"
"What is environment.ts file in Angular?","https://medium.com/knowledge-pills/what-is-environment-ts-file-in-angular-14add13f073a","2023-10-22","2023-10-23","https://miro.medium.com/v2/resize:fit:640/0*LSbjq3yBb3rW6wIZ.png"
"Understanding the Differences Between =, ==, and === Operators in TypeScript","https://medium.com/knowledge-pills/understanding-the-differences-between-and-operators-in-typescript-00e7f9974971","2023-10-20","2023-10-21","https://miro.medium.com/v2/resize:fit:640/0*u6Cl2BmMeQ0_B7nt"
"What is the difference between a record and a class in C#?","https://medium.com/knowledge-pills/what-is-the-difference-between-a-record-and-a-class-eaebbec7712d","2023-08-15","2023-08-16","https://miro.medium.com/v2/resize:fit:640/0*MOvHUKI9VdWb6yH2.png"
"OpenID Connect: Understanding the Differences Between ID Token and Access Token","https://medium.com/scrum-and-coke/openid-connect-understanding-the-differences-between-id-token-and-access-token-4763e62be986","2023-07-30","2023-08-01","https://miro.medium.com/v2/resize:fit:640/1*xyTkEY7yE6hcjpfKEL4lRQ.png"
"Azure Deployment with GitHub Actions: Tutorial for Deploying a .NET Web API Project","https://medium.com/scrum-and-coke/azure-deployment-with-github-actions-tutorial-for-deploying-a-net-web-api-project-d3645c8e13dc","2023-07-16","2023-07-30","https://miro.medium.com/v2/resize:fit:640/0*mD8GJK2VN5J9nqWN"
"Complete Source Code of Angular 16 and C# NetCore 7 Web API Sample Project","https://medium.com/scrum-and-coke/complete-source-code-of-angular-16-and-c-netcore-7-web-api-sample-project-69bdf644afd0","2023-07-01","2023-12-16","https://miro.medium.com/v2/resize:fit:640/0*s6kZmOk5HF6T0YBk.png"
"Deploy Angular to Github Page using ng deploy","https://medium.com/scrum-and-coke/deploy-angular-to-github-page-using-ng-deploy-705f3d6d0d09","2023-07-01","2023-07-02","https://miro.medium.com/v2/resize:fit:640/0*W27pFHsnTFpl2-9J.png"
"What is AutoFixture?","https://medium.com/knowledge-pills/what-is-autofixture-dee4a94e7c80","2023-06-17","2024-02-11","https://miro.medium.com/v2/resize:fit:640/0*LhfIdmWqhV8hk-ZG"
"Get started with the Visual Studio template OnionAPI to scaffold ASP.NET WebAPI project for .NET 8","https://medium.com/scrum-and-coke/get-started-with-the-visual-studio-template-onionapi-to-scaffold-asp-net-webapi-project-for-net-8-3f9e61d8e72c","2023-06-02","2026-01-06","https://miro.medium.com/v2/resize:fit:640/0*S1ZnfMs9Cl4nciET"
"How to write custom validation in Angular","https://medium.com/knowledge-pills/how-to-write-custom-validation-in-angular-472cb78d82f1","2023-06-01","2024-01-08","https://miro.medium.com/v2/resize:fit:640/0*na_m8mY9H4L0ppiY"
"Angular 16 Reactive Form and Validation | Tutorial","https://medium.com/scrum-and-coke/angular-16-reactive-form-and-validation-tutorial-2bbbf19f8403","2023-05-31","2024-01-17","https://miro.medium.com/v2/resize:fit:640/0*sCGkjhieai_CE936"
"Implement Toast with Bootstrap 5 in Angular 15 or 16 | Tutorial","https://medium.com/scrum-and-coke/load-bootstrap-5-toaster-in-angular-15-or-16-tutorial-b0996491e1a2","2023-05-21","2023-06-01","https://miro.medium.com/v2/resize:fit:640/0*EGpAJS0CPW1_f28d.png"
"Load Angular Component in Bootstrap Modal | Tutorial","https://medium.com/scrum-and-coke/load-angular-component-dynamically-in-bootstrap-modal-tutorial-8fcd65bcf074","2023-05-16","2024-02-11","https://miro.medium.com/v2/resize:fit:640/0*__Cc9-xLuogvjWRN"
"Upgrading Angular 15 to 16: A Full-stack Web Development Project using Angular and .NetCore","https://medium.com/scrum-and-coke/upgrading-angular-v15-to-v16-a-full-stack-web-development-project-using-angular-and-netcore-38aa7be95819","2023-05-14","2023-07-17","https://miro.medium.com/v2/resize:fit:640/0*_B5rbylSI3-HSppE.png"
"Angular 15 & Net 7: Web API with EF Core 7 and Oracle Autonomous Database | Tutorial 13","https://medium.com/scrum-and-coke/angular-15-net-7-web-api-with-ef-core-7-and-oracle-autonomous-database-tutorial-13-b800dbed55a8","2023-04-30","2023-05-01","https://miro.medium.com/v2/resize:fit:640/1*c6BXrsIa1QkFoOveHkfE_w.png"
"What is secrets.json in Visual Studio?","https://medium.com/knowledge-pills/what-is-secrets-json-in-visual-studio-7c515f5745dd","2023-04-30","2024-01-08","https://miro.medium.com/v2/resize:fit:640/1*8KHxFkAftO-nQfhsC_RWug.png"
"Explore Oracle Developer Tools for Visual Studio 2022","https://medium.com/knowledge-pills/explore-oracle-developer-tools-for-visual-studio-2022-1ec4ebaedbf6","2023-04-29","2023-04-30","https://miro.medium.com/v2/resize:fit:640/1*CoFkQTtoTnGLt8gphBMADg.png"
"Explore Oracle Autonomous Database","https://medium.com/knowledge-pills/explore-oracle-autonomous-database-32b7777c9119","2023-04-29","2023-04-30","https://miro.medium.com/v2/resize:fit:640/0*qljEN909cMeJs9pR.png"
"Visual Studio Template Onion API: Version 7.3 Release Notes","https://medium.com/scrum-and-coke/visual-studio-template-onion-api-version-7-3-release-notes-404e3ffbfdff","2023-04-23","2023-04-25","https://miro.medium.com/v2/resize:fit:640/1*hD_zyy0JhUlnjYXxRWR3qA.png"
"Explore MudBlazor Templates in Visual Studio 2022","https://medium.com/knowledge-pills/explore-mudblazor-template-in-visual-studio-2022-e936bc7e393","2023-04-11","2023-04-17","https://miro.medium.com/v2/resize:fit:640/1*XeleixFLqfCdLjfx-RoIKw.png"
"What is _Host.cshtml in the Blazor server app?","https://medium.com/knowledge-pills/what-is-host-cshtml-in-the-blazor-server-app-40fbb4ea64a","2023-04-08","2023-04-09","https://miro.medium.com/v2/resize:fit:640/253d1ac7271c0a7cc8f41cd8f9de7fb7148297ef9c17b11e085fd6559557c22b"
"What is _Layout.cshtml in Blazor?","https://medium.com/knowledge-pills/what-is-layout-cshtml-in-blazor-36e8e7ded56c","2023-04-08","2023-04-09","https://miro.medium.com/v2/resize:fit:640/0*d4sKht87TQOAmZom.png"
"Explore Visual Studio Bootstrap Blazor Project Template","https://medium.com/knowledge-pills/explore-visual-studio-bootstrap-blazor-project-template-6ac6d1af278c","2023-04-08","2023-04-20","https://miro.medium.com/v2/resize:fit:640/1*vzo2XlP_AhVbdwJmi8sjdw.png"
"Understanding health checks in Net Core","https://medium.com/knowledge-pills/understanding-health-checks-in-net-core-cc337a6510ab","2023-04-05","2023-04-07","https://miro.medium.com/v2/resize:fit:640/a8ce0cea4b9fef8a54ce3f0bb96f7de702490ca0eded890b5bee29316727e477"
"Understanding Abstract Classes in C#","https://medium.com/knowledge-pills/understanding-abstract-classes-in-c-bd56d255b930","2023-04-04","2023-04-05","https://miro.medium.com/v2/resize:fit:640/0*n26nyneAxrF87YRo.png"
"Understanding Virtual Methods in C#","https://medium.com/knowledge-pills/understanding-virtual-methods-in-c-783f58b66d04","2023-04-04","2023-04-05","https://miro.medium.com/v2/resize:fit:640/0*8-VEs7SYGdjQFewD.png"
"Understanding Service Extension in Net Core","https://medium.com/knowledge-pills/understanding-service-extension-in-net-core-720636054f12","2023-04-03","2023-04-04","https://miro.medium.com/v2/resize:fit:640/0*1o5jsGnQ6xijKFIm.png"
"Understanding IServiceCollection in Net Core","https://medium.com/knowledge-pills/understanding-iservicecollection-in-net-core-d56303936933","2023-04-02","2024-01-08","https://miro.medium.com/v2/resize:fit:640/0*xW7tqGsiyeq-iVtF"
"Angular 15 & Net 7: Secure WebAPI with JSON Web Token and Security Policy | Tutorial 12","https://medium.com/scrum-and-coke/angular-15-and-net-7-secure-webapi-with-json-web-token-and-security-policy-tutorial-part-12-6219bd2a168","2023-04-02","2023-04-29","https://miro.medium.com/v2/resize:fit:640/0*AgOCmBjFCNlmA49k.png"
"Understanding Microsoft.AspNetCore.Authentication.JwtBearer","https://medium.com/knowledge-pills/understanding-microsoft-aspnetcore-authentication-jwtbearer-c3eff657b99d","2023-04-02","2023-04-03","https://miro.medium.com/v2/resize:fit:640/0*C0mSwBNVsGkp1zi1.png"
"Secure Net 7 Blazor Web Assembly with Duende IdentityServer and PKCE","https://medium.com/scrum-and-coke/secure-blazor-web-assembly-with-duende-identityserver-and-pkce-login-2fbdfad99ec9","2023-03-27","2023-06-26","https://miro.medium.com/v2/resize:fit:640/0*rH09NNPPeEqYcLGm.png"
"Getting Started with Karma for Testing Angular Applications","https://medium.com/knowledge-pills/getting-started-with-karma-for-testing-angular-applications-2f1ea6d7b35d","2023-03-26","2023-03-28","https://miro.medium.com/v2/resize:fit:640/0ab714002e199418d55d87487144d5e179db39b122aab2b2d49f24985a2e3268"
"Introduction to Using Jasmine for Testing Angular Applications","https://medium.com/knowledge-pills/introduction-to-using-jasmine-for-testing-angular-applications-2b9bab635db9","2023-03-24","2023-03-28","https://miro.medium.com/v2/resize:fit:640/0*rEPj2t4oDF6J94a1.png"
"Implementing Karma and Jasmine Testing Framework in an Angular Project","https://medium.com/knowledge-pills/implementing-karma-and-jasmine-testing-framework-in-an-angular-project-a9f25ea7c669","2023-03-23","2023-03-24","https://miro.medium.com/v2/resize:fit:640/1*F97L8lVLNZmnPKVFCChJTw.png"
"How Karma and Jasmine Differ as Testing Frameworks in JavaScript","https://medium.com/knowledge-pills/how-karma-and-jasmine-differ-as-testing-frameworks-in-javascript-494f7c4f53f","2023-03-23","2023-03-24","https://miro.medium.com/v2/resize:fit:640/0*inYwJJv0awskquIZ.png"
"Explore ChatGPT  extension in Visual Code","https://medium.com/knowledge-pills/explore-chatgpt-extension-in-visual-code-77b1e8ca6fa8","2023-03-22","2023-03-27","https://miro.medium.com/v2/resize:fit:640/1*tDuTzzhnmslZelh8EdURVQ.png"
"Angular 15 & Net 7: Auth Guard and Role-Based Access Control with JSON Web Token | Tutorial 11","https://medium.com/scrum-and-coke/angular-15-and-net-7-auth-guard-and-role-guard-integration-with-jwt-5b2e773a63aa","2023-03-22","2024-01-08","https://miro.medium.com/v2/resize:fit:640/0*44f_QTg19LwuXcI4"
"☺ What is Generic in C#?","https://medium.com/knowledge-pills/what-is-generic-in-c-6217576484b2","2023-03-19","2023-03-24","https://miro.medium.com/v2/resize:fit:640/8e14c4381c6099d3ecf0f402666d596f5a6456be8a58343bf4d85acc567ba803"
"What is the language model TextDavinci003 in ChatGPT?","https://medium.com/knowledge-pills/what-is-textdavinci003-f83d539e30e5","2023-03-19","2023-03-20","https://miro.medium.com/v2/resize:fit:640/110c09ba4444e338d29ed74adb04b0bf053357845c57c64219ba0655d653a4cd"
"Explore ChatGPT extension for Visual Studio 2022","https://medium.com/knowledge-pills/explore-chatgpt-extension-in-visual-studio-2022-8d44638a1b8f","2023-03-19","2023-12-04","https://miro.medium.com/v2/resize:fit:640/1*14w8AqKvgamFzWVxutEemQ.png"
"Angular 15 & Net 7: Login and Token Refresh Integration with Duende IdentityServer | Tutorial 10","https://medium.com/scrum-and-coke/angular-15-and-net-7-login-and-token-refresh-with-duende-identityserver-83dc38aa8d5","2023-03-17","2023-12-04","https://miro.medium.com/v2/resize:fit:640/0*V90QN0xpYcB6vW7t.png"
"☺ What is PKCE?","https://medium.com/knowledge-pills/what-is-pkce-2fd83c37b008","2023-03-16","2023-03-18","https://miro.medium.com/v2/resize:fit:640/110c09ba4444e338d29ed74adb04b0bf053357845c57c64219ba0655d653a4cd"
"☺ Seven Object-Oriented Programming Jokes","https://medium.com/knowledge-pills/seven-object-oriented-programming-jokes-101b4c53a8a6","2023-03-11","2023-04-25","https://miro.medium.com/v2/resize:fit:640/0*VRXV_Z9WJUFly4XL"
"File .gitignore in Angular project","https://medium.com/knowledge-pills/file-gitignore-in-angular-project-c1d4483a79aa","2023-03-10","2023-03-13","https://miro.medium.com/v2/resize:fit:640/7280ed8cf2fe1568aa4891c4276068a914da03949aa4a328b4fd77614007fdbb"
"Angular 15 & NET 7: Token Service (Duende IdentityServer) Deep Dive | Tutorial Part 9","https://medium.com/scrum-and-coke/angular-15-net-7-token-service-deep-dive-7668ee3f6a67","2023-03-10","2023-04-05","https://miro.medium.com/v2/resize:fit:640/0*JlMYd28IBVVsvua-.png"
"☺ Difference between cookie, session, and token","https://medium.com/knowledge-pills/difference-between-cookie-session-and-token-64e5e7568d30","2023-03-10","2023-03-11","https://miro.medium.com/v2/resize:fit:640/7280ed8cf2fe1568aa4891c4276068a914da03949aa4a328b4fd77614007fdbb"
"☺ What is Object in OOP?","https://medium.com/knowledge-pills/what-is-object-in-object-oriented-programming-7f006460ef6","2023-03-03","2023-04-11","https://miro.medium.com/v2/resize:fit:640/3b073f7105bcb0070d5bd9098b373c2a23f26adebfa1e78a98950176da972768"
"☺ What is Class in OOP?","https://medium.com/knowledge-pills/what-is-class-in-object-oriented-programming-oop-76b3f50082ff","2023-03-03","2023-03-11","https://miro.medium.com/v2/resize:fit:640/9aee695f83669503f97d9ca29d89942a49664c4fc27bb4f2faa3638390ceff5c"
"☺ What is Encapsulation in OOP?","https://medium.com/knowledge-pills/what-is-encapsulation-in-object-oriented-programming-oop-60d468998138","2023-03-03","2023-03-11","https://miro.medium.com/v2/resize:fit:640/ab32eb8461142e4884d537415df41ea7072e7447c63d9235e135dc2b6dfb3a94"
"☺ What is Inheritance in OOP?","https://medium.com/knowledge-pills/what-is-inheritance-in-object-oriented-programming-oop-64178d0b5d33","2023-03-02","2023-03-11","https://miro.medium.com/v2/resize:fit:640/91b4cb73a944e1d27d5b9c057d310030c6cc236b371df86464ea194b87159845"
"☺ Six key concepts in OOP","https://medium.com/knowledge-pills/six-key-concepts-of-object-oriented-programming-oop-248f2412c736","2023-03-01","2023-03-17","https://miro.medium.com/v2/resize:fit:640/7280ed8cf2fe1568aa4891c4276068a914da03949aa4a328b4fd77614007fdbb"
"☺ What is Polymorphism in OOP?","https://medium.com/knowledge-pills/what-is-polymorphism-d2d9530cbedb","2023-03-01","2023-03-11","https://miro.medium.com/v2/resize:fit:640/253d1ac7271c0a7cc8f41cd8f9de7fb7148297ef9c17b11e085fd6559557c22b"
"☺ What is Abstraction in OOP?","https://medium.com/knowledge-pills/what-is-abstraction-in-object-oriented-programming-oop-8dba430965e3","2023-03-01","2023-03-11","https://miro.medium.com/v2/resize:fit:640/56439e068a17200d733d148d8933d55501ac9dcc329a6f86272aeffc8ceb50a8"
"☺ What is REST API?","https://medium.com/knowledge-pills/what-is-rest-api-139d36cdbf91","2023-02-27","2023-03-04","https://miro.medium.com/v2/resize:fit:640/253d1ac7271c0a7cc8f41cd8f9de7fb7148297ef9c17b11e085fd6559557c22b"
"Angular 15 & NET 7: CQRS and Mediator Pattern for CRUD Operations in REST API | Tutorial 8","https://medium.com/scrum-and-coke/angular-15-net-7-cqrs-and-mediator-pattern-for-crud-operations-f7856d5f41f7","2023-02-27","2023-04-20","https://miro.medium.com/v2/resize:fit:640/1*7TCo0tEFWvVsz0lMayJzPA.png"
"☺ What is the Mediator pattern?","https://medium.com/knowledge-pills/what-is-mediator-pattern-6b9c7480b1ec","2023-02-25","2023-04-03","https://miro.medium.com/v2/resize:fit:640/0*s1-osvfEXJdph0Sw"
"☺ What is CQRS pattern?","https://medium.com/knowledge-pills/what-is-cqrs-480300f184ab","2023-02-25","2023-03-04","https://miro.medium.com/v2/resize:fit:640/bb187a1ebc430cb35e482a9757f2d15e8c83f5f7c5fab166e9004ce841008094"
"What is EFMigrationsHistory table in EF core?","https://medium.com/knowledge-pills/what-is-efmigrationshistory-table-in-ef-core-a40cd9e56002","2023-02-22","2023-03-01","https://miro.medium.com/v2/resize:fit:640/86f133e4424c43290199ce3727b65dccd9b29f2f1e6c8257a6abb6d021f45020"
"Angular 15 & NET 7: EF Core Migration | Tutorial Part 7","https://medium.com/scrum-and-coke/fullstack-angular-15-net-7-ef-core-migration-3a651c501d4","2023-02-22","2023-04-05","https://miro.medium.com/v2/resize:fit:640/0*jckRkoP02jRiSNJq.png"
"Angular 15 & NET 7: Fake Data with Bogus library","https://medium.com/scrum-and-coke/fullstack-angular-15-net-7-fake-data-4284117a1a45","2023-02-21","2023-04-05","https://miro.medium.com/v2/resize:fit:640/1*4PqiEYKqeAf9d3m-HjAsFw.png"
"Understanding the Cartesian Explosion Issue in EF CORE","https://medium.com/knowledge-pills/understanding-the-cartesian-explosion-issue-in-ef-core-1e6091483a43","2023-02-21","2023-02-27","https://miro.medium.com/v2/resize:fit:640/9aee695f83669503f97d9ca29d89942a49664c4fc27bb4f2faa3638390ceff5c"
"Angular 15 & NET 7: EF Core Pagination 2 Million Rows, Performance Tune-up","https://medium.com/scrum-and-coke/fullstack-angular-15-net-7-paging-2-million-rows-7d42c7a445d9","2023-02-18","2023-12-04","https://miro.medium.com/v2/resize:fit:640/0*VCvl1rjYT4o6XRnm.png"
"☺ What is EF Core?","https://medium.com/knowledge-pills/what-is-ef-core-in-a-nutshell-7166028da25f","2023-02-18","2023-03-04","https://miro.medium.com/v2/resize:fit:640/ab32eb8461142e4884d537415df41ea7072e7447c63d9235e135dc2b6dfb3a94"
"Angular 15 & NET 7: REST API In Depth","https://medium.com/scrum-and-coke/fullstack-angular-15-bootstrap-5-net-7-api-rest-api-how-to-d0dcacf49ecf","2023-02-12","2023-04-05","https://miro.medium.com/v2/resize:fit:640/1*5d67xIaUNaVKtXLlgPEwMQ.png"
"Angular 15 & NET 7: Server-Side Pagination, Sorting, Filtering, Modal Detail Display | Tutorial 3","https://medium.com/scrum-and-coke/angular-15-implementing-server-side-pagination-sorting-filtering-and-modal-record-display-66fd882888e5","2023-02-09","2023-04-20","https://miro.medium.com/v2/resize:fit:640/1*C9aOqQgeM9KLwtP6Ie1qpg.png"
"☺ What is SDLC?","https://medium.com/knowledge-pills/what-is-sdlc-for-developers-ef98b2da02ba","2023-02-07","2023-03-04","https://miro.medium.com/v2/resize:fit:640/0*rlVsrBwVrIRs6jo6"
"How to wire OIDC into Angular and .NET?","https://medium.com/knowledge-pills/how-oidc-is-used-in-angular-and-net-3e5997187af3","2023-02-05","2023-02-06","https://miro.medium.com/v2/resize:fit:640/0*pJy5MHgBwgZBerMt.png"
"☺ What is OIDC?","https://medium.com/knowledge-pills/what-is-oidc-68b2b17c04f8","2023-02-05","2023-03-05","https://miro.medium.com/v2/resize:fit:640/eca3d3b5fb936ab346077b194b08a6b17f33c89eb76924469d110fa41d232cd3"
"☺ What is lazy loading in Angular?","https://medium.com/knowledge-pills/what-is-lazy-loading-in-angular-e3ee2e034a76","2023-02-03","2023-03-04","https://miro.medium.com/v2/resize:fit:640/56439e068a17200d733d148d8933d55501ac9dcc329a6f86272aeffc8ceb50a8"
"Angular 15 & Bootstrap 5: Talent Management App Inner Workings","https://medium.com/scrum-and-coke/angular-15-talent-management-app-inner-workings-b6af9537f16e","2023-02-02","2023-04-20","https://miro.medium.com/v2/resize:fit:640/1*lFbhRECnQO6ieGzU-YjvoA.png"
"What is angular.json file in the Angular app?","https://medium.com/knowledge-pills/what-is-angular-json-file-in-the-angular-app-f060d1a4b3c7","2023-02-01","2023-02-02","https://miro.medium.com/v2/resize:fit:640/0*C4T6GLqTriBrr1z7.png"
"☺ What is package.json in the Angular app?","https://medium.com/knowledge-pills/what-is-package-json-file-in-angular-app-66dc58cf7cc2","2023-02-01","2023-03-04","https://miro.medium.com/v2/resize:fit:640/0*sWBuEkGiOjoFSP3U.png"
"Duende IdentityServer Token Service: Git Clone and Launch in Visual Studio 2022","https://medium.com/scrum-and-coke/how-to-clone-run-the-token-service-project-on-github-from-visual-studio-2022-9186168dddfa","2023-01-29","2023-03-05","https://miro.medium.com/v2/resize:fit:640/1*_6be4DMoHBECVOEa2nJSoA.png"
"What is server-side paging?","https://medium.com/knowledge-pills/what-is-serve-side-paging-f9f4b8f3590f","2023-01-29","2023-01-29","https://miro.medium.com/v2/resize:fit:640/110c09ba4444e338d29ed74adb04b0bf053357845c57c64219ba0655d653a4cd"
"Fullstack Angular 15, Bootstrap 5 & NET 7 API: Project Demo","https://medium.com/scrum-and-coke/full-stack-angular-15-bootstrap-5-net-7-api-563227ef7a20","2023-01-28","2025-01-13","https://miro.medium.com/v2/resize:fit:640/0*uM9rZs3XJcrnjVMI"
"How to use AutoMapper in C# Net Core?","https://medium.com/knowledge-pills/how-to-use-automapper-in-c-6f949402be05","2023-01-27","2023-02-06","https://miro.medium.com/v2/resize:fit:640/0d702cbfe9920e00e94464660874e97b36b08e18a7844ad35d0d5cd2de2ef897"
"What is GetExecutingAssembly in C#?","https://medium.com/knowledge-pills/what-is-getexecutingassembly-in-c-1d7830f38f85","2023-01-26","2024-01-17","https://miro.medium.com/v2/resize:fit:640/0*9mA5BMmWWP0iN3ev"
"Mediator pattern: how to in C#","https://medium.com/knowledge-pills/how-to-implement-the-mediator-pattern-in-net-core-e7f9f5540a7a","2023-01-26","2024-01-17","https://miro.medium.com/v2/resize:fit:640/0*R9pBEwx2x0tIPHBA"
"☺ What is CORS in SPA?","https://medium.com/knowledge-pills/what-is-cors-in-spa-a2f90591dbfa","2023-01-25","2023-03-04","https://miro.medium.com/v2/resize:fit:640/ab32eb8461142e4884d537415df41ea7072e7447c63d9235e135dc2b6dfb3a94"
"Explore Rate Limiting and Load Testing in NET 7","https://medium.com/scrum-and-coke/explore-rate-limiting-and-load-testing-in-net-7-a3cd99e59ab3","2023-01-22","2023-06-08","https://miro.medium.com/v2/resize:fit:640/1*iXylXihXge5HeZBkdI2TRA.png"
"What is LINQ in C#?","https://medium.com/knowledge-pills/what-is-linq-in-c-ffec88ee7261","2023-01-19","2024-01-08","https://miro.medium.com/v2/resize:fit:640/0*DVZdUNw5SR8ypo5t"
"Is the C# extension an example of the Open-Closed Principle?","https://medium.com/knowledge-pills/is-the-c-extension-an-example-of-the-open-closed-principle-5da39baa07be","2023-01-04","2023-01-04","https://miro.medium.com/v2/resize:fit:640/0ab714002e199418d55d87487144d5e179db39b122aab2b2d49f24985a2e3268"
"Authenticate Asp.Net Web Form with IdentityServer4/PKCE flow","https://medium.com/scrum-and-coke/authenticate-asp-net-web-form-with-identityserver4-pkce-flow-581acfb5c91","2023-01-02","2023-01-25","https://miro.medium.com/v2/resize:fit:640/0*asV-9c2N-Wp1y1I2"
"How to install FluentValidation package in Visual Studio?","https://medium.com/knowledge-pills/how-to-install-fluentvalidation-package-in-visual-studio-316d29fde27a","2023-01-02","2023-01-02","https://miro.medium.com/v2/resize:fit:640/5f1f586cc41943becdefc4cf716f5e4d75f28bf980a0168ac5279df3fcf6dd00"
"What is launchSettings.json file in ASP.NET Core project?","https://medium.com/knowledge-pills/what-is-launchsettings-json-file-in-asp-net-core-project-1b80268646c4","2023-01-01","2023-01-02","https://miro.medium.com/v2/resize:fit:640/ab32eb8461142e4884d537415df41ea7072e7447c63d9235e135dc2b6dfb3a94"
"Rate Limiting in NET 7 Web API and Load Test","https://medium.com/scrum-and-coke/what-is-microsoft-aspnetcore-ratelimiting-in-net-7-3f8969ba701a","2023-01-01","2023-12-04","https://miro.medium.com/v2/resize:fit:640/0*Om2muGZ16YdGLSxg"
"What’s HTTP status code 429?","https://medium.com/knowledge-pills/whats-http-status-code-429-260bb76a692d","2022-12-31","2023-01-02","https://miro.medium.com/v2/resize:fit:640/eca3d3b5fb936ab346077b194b08a6b17f33c89eb76924469d110fa41d232cd3"
"☺ What is Fluent API?","https://medium.com/knowledge-pills/what-is-fluent-api-21857b0e827b","2022-12-30","2024-02-11","https://miro.medium.com/v2/resize:fit:640/0*X0por4s57oPY8ATJ"
"What is Clean Architecture concept in software design?","https://medium.com/knowledge-pills/what-is-clean-architecture-concept-in-software-design-8d3839eb72fe","2022-12-27","2023-01-02","https://miro.medium.com/v2/resize:fit:640/3b073f7105bcb0070d5bd9098b373c2a23f26adebfa1e78a98950176da972768"
"How to create a Hot Fix in GitFlow from command line?","https://medium.com/knowledge-pills/how-to-create-a-hot-fix-in-gitflow-from-command-line-a085f7fd9c99","2022-12-27","2022-12-28","https://miro.medium.com/v2/resize:fit:640/a8ce0cea4b9fef8a54ce3f0bb96f7de702490ca0eded890b5bee29316727e477"
"How to create a Bug Fix in GitFlow from the command line?","https://medium.com/knowledge-pills/how-to-create-a-bug-fix-in-gitflow-from-the-command-line-33af4cf78265","2022-12-27","2022-12-28","https://miro.medium.com/v2/resize:fit:640/3b073f7105bcb0070d5bd9098b373c2a23f26adebfa1e78a98950176da972768"
"How to create a Feature in GitFlow from the command line?","https://medium.com/knowledge-pills/how-to-start-a-feature-in-gitflow-from-the-command-line-1297ff854402","2022-12-27","2022-12-28","https://miro.medium.com/v2/resize:fit:640/ab32eb8461142e4884d537415df41ea7072e7447c63d9235e135dc2b6dfb3a94"
"What are LocalStorage And SessionStorage in the browser?","https://medium.com/knowledge-pills/what-are-localstorage-and-sessionstorage-in-the-browser-1d649c6ca371","2022-12-26","2022-12-26","https://miro.medium.com/v2/resize:fit:640/0ab714002e199418d55d87487144d5e179db39b122aab2b2d49f24985a2e3268"
"What is Package Manager Console in Visual Studio?","https://medium.com/knowledge-pills/what-is-package-manager-console-in-visual-studio-58acb9843733","2022-12-26","2022-12-26","https://miro.medium.com/v2/resize:fit:640/1*zcfNq2F86FeHEulRD1g6vw.png"
"Refactor Program.cs to eliminate Startup.cs in .NET 6+ WebAPI","https://medium.com/scrum-and-coke/refactor-program-cs-to-eliminate-startup-cs-in-net-6-webapi-20f8aebc4d8d","2022-12-26","2023-02-15","https://miro.medium.com/v2/resize:fit:640/0*U6OVEpoD-6sbTDTD"
"How to use Global Usings (introduced in #C 10)?","https://medium.com/knowledge-pills/how-to-use-global-usings-introduced-in-c-10-9fa9f88d772","2022-12-25","2024-01-08","https://miro.medium.com/v2/resize:fit:640/0*YQ8BA9_QRP6BNECd"
"Get started with the Visual Studio template OnionAPI to scaffold ASP.NET WebAPI project for .NET 7","https://medium.com/scrum-and-coke/get-started-with-the-visual-studio-template-onionapi-to-scaffold-asp-net-webapi-project-for-net-7-558a661cff5","2022-12-24","2023-12-04","https://miro.medium.com/v2/resize:fit:640/0*r2whlknVkjIxheYd.png"
"How MediatR and AutoMapper are used together to support CQRS?","https://medium.com/knowledge-pills/how-mediatr-and-automapper-are-used-together-to-support-cqrs-993f847b9ebc","2022-12-24","2024-01-17","https://miro.medium.com/v2/resize:fit:640/0*rEckcvV4E_wDWqW5"
"☺ What is FluentValidation?","https://medium.com/knowledge-pills/what-is-fluentvalidation-4d39ad9b43b5","2022-12-24","2023-03-04","https://miro.medium.com/v2/resize:fit:640/c8790a6ac4cec21263a79305da5e27032b2811c3bb5ebcbf60bd0ade41026a5c"
"What is Serilog?","https://medium.com/knowledge-pills/what-is-serilog-e6f50ee49152","2022-12-24","2022-12-26","https://miro.medium.com/v2/resize:fit:640/319daec016b12da748373d51bd9d27c727580bba9947096fe89b8e2efb8e03a6"
"Release of Visual Studio Template Onion API v7 to support .NET 7","https://medium.com/scrum-and-coke/release-of-visual-studio-template-onion-api-v7-to-support-net-7-bf2fd5679b09","2022-12-24","2022-12-26","https://miro.medium.com/v2/resize:fit:640/1*2CSwkmmG5XMElDY3OcXZsg.png"
"What is standalone component in Angular?","https://medium.com/knowledge-pills/what-is-standalone-component-in-angular-8cf42f8e6a85","2022-12-23","2023-08-03","https://miro.medium.com/v2/resize:fit:640/8e14c4381c6099d3ecf0f402666d596f5a6456be8a58343bf4d85acc567ba803"
"Explore Serilog and AutoWrapper to handle errors in a .NET Core 7 Web API","https://medium.com/scrum-and-coke/error-handling-with-serilog-and-autowrapper-in-net-core-7-webapi-46d2f8e873f9","2022-12-23","2023-03-17","https://miro.medium.com/v2/resize:fit:640/1*X5MviLDAw_ertlQ7zO4Hrg.png"
"What is JWT?","https://medium.com/knowledge-pills/what-is-json-web-token-jwt-c7d2ef885039","2022-12-20","2023-03-21","https://miro.medium.com/v2/resize:fit:640/1*SJH0qIORz7awdSaROgZyDA.png"
"Secure Angular 15 with Code Flow PKCE and Duende IdentityServer using angular-oauth2-oidc library","https://medium.com/scrum-and-coke/angular-external-login-using-duende-identityserver-3f4b9b856622","2022-12-20","2023-02-28","https://miro.medium.com/v2/resize:fit:640/1*6_EH8a1agvRS7X_Y1HxYzQ.png"
"What is the developer console in Chrome?","https://medium.com/knowledge-pills/what-is-the-developer-console-in-chrome-91749dfc5946","2022-12-19","2022-12-19","https://miro.medium.com/v2/resize:fit:640/253d1ac7271c0a7cc8f41cd8f9de7fb7148297ef9c17b11e085fd6559557c22b"
"What is startup.cs file in ASP.NET Core?","https://medium.com/knowledge-pills/what-is-startup-cs-in-asp-net-core-68f118c5e982","2022-12-19","2024-02-20","https://miro.medium.com/v2/resize:fit:640/0*57XghOMFYriX8WQX"
"What is Program.cs file in ASP.Net Core project?","https://medium.com/knowledge-pills/what-is-program-cs-file-in-asp-net-core-project-14e0814ad872","2022-12-19","2023-02-15","https://miro.medium.com/v2/resize:fit:640/bed282702cab068e73fed54f4f2476879d8beed14768d4a3cb7cf4d5e0cabebe"
"How to git clone an angular app on GitHub and run on localhost","https://medium.com/knowledge-pills/how-to-git-clone-an-angular-app-on-github-and-run-on-localhost-2f07ad5e611d","2022-12-18","2024-01-17","https://miro.medium.com/v2/resize:fit:640/0*GDv-nGio7QTqpqR2"
"How to use ngif in Angular","https://medium.com/knowledge-pills/how-to-use-ngif-in-angular-3d8be59aef03","2022-12-17","2024-01-08","https://miro.medium.com/v2/resize:fit:640/0*lqeycIWloBTM8JU-"
"Lifetime of a service that is registered as a dependency in ASP.NET Core","https://medium.com/knowledge-pills/lifetime-of-a-service-that-is-registered-as-a-dependency-in-asp-net-core-c3338ab9e524","2022-12-16","2022-12-16","https://miro.medium.com/v2/resize:fit:640/8e14c4381c6099d3ecf0f402666d596f5a6456be8a58343bf4d85acc567ba803"
"What is appsettings.json in .NET Core for?","https://medium.com/knowledge-pills/what-is-appsettings-json-in-net-core-for-b416b920f3b0","2022-12-16","2024-01-08","https://miro.medium.com/v2/resize:fit:640/0*rHbRq7lqucOb5ZT8"
"How to async pipe in Angular","https://medium.com/knowledge-pills/how-to-async-pipe-in-angular-b71f2dcfaf47","2022-12-16","2022-12-16","https://miro.medium.com/v2/resize:fit:640/253d1ac7271c0a7cc8f41cd8f9de7fb7148297ef9c17b11e085fd6559557c22b"
"How to remove a property from a JSON object?","https://medium.com/knowledge-pills/how-do-i-remove-a-property-from-a-json-object-fd7ec14d37bd","2022-12-16","2024-01-08","https://miro.medium.com/v2/resize:fit:640/0*_ZlCZv2GxxG2H5Gx"
"How to check whether a string contains a substring in TypeScript?","https://medium.com/knowledge-pills/how-to-check-whether-a-string-contains-a-substring-in-typescript-664d2f09e972","2022-12-15","2022-12-20","https://miro.medium.com/v2/resize:fit:640/56439e068a17200d733d148d8933d55501ac9dcc329a6f86272aeffc8ceb50a8"
"How do I undo the most recent commits in Git","https://medium.com/knowledge-pills/how-do-i-undo-the-most-recent-commits-in-git-65beace3dd32","2022-12-15","2022-12-22","https://miro.medium.com/v2/resize:fit:640/bed282702cab068e73fed54f4f2476879d8beed14768d4a3cb7cf4d5e0cabebe"
"How to publish blogs on Medium","https://medium.com/start-a-developer-blog/how-to-publish-blogs-on-medium-7dfc87a5e91e","2022-12-15","2022-12-19","https://miro.medium.com/v2/resize:fit:640/a8ce0cea4b9fef8a54ce3f0bb96f7de702490ca0eded890b5bee29316727e477"
"What is dependency injection in Angular?","https://medium.com/knowledge-pills/what-is-dependency-injection-in-angular-ffd5409abec7","2022-12-15","2022-12-15","https://miro.medium.com/v2/resize:fit:640/56439e068a17200d733d148d8933d55501ac9dcc329a6f86272aeffc8ceb50a8"
"What is Eager and Lazy loading in Angular?","https://medium.com/knowledge-pills/what-is-eager-and-lazy-loading-in-angular-70db58f128a4","2022-12-15","2022-12-15","https://miro.medium.com/v2/resize:fit:640/ab32eb8461142e4884d537415df41ea7072e7447c63d9235e135dc2b6dfb3a94"
"What are Template and Reactive forms in Angular?","https://medium.com/knowledge-pills/what-are-template-and-reactive-forms-in-angular-68cd285b38d5","2022-12-15","2022-12-15","https://miro.medium.com/v2/resize:fit:640/0ab714002e199418d55d87487144d5e179db39b122aab2b2d49f24985a2e3268"
"What are Services in Angular?","https://medium.com/knowledge-pills/what-are-services-in-angular-9638b9cf56f3","2022-12-15","2023-08-04","https://miro.medium.com/v2/resize:fit:640/110c09ba4444e338d29ed74adb04b0bf053357845c57c64219ba0655d653a4cd"
"How to call REST API in Angular?","https://medium.com/knowledge-pills/how-to-call-rest-api-in-angular-7622955bf0a9","2022-12-15","2024-01-17","https://miro.medium.com/v2/resize:fit:640/0*22vsDIJlp8CLcUIx"
"What are Directives in Angular?","https://medium.com/knowledge-pills/what-are-directives-in-angular-9fd3cdf904c","2022-12-15","2022-12-15","https://miro.medium.com/v2/resize:fit:640/319daec016b12da748373d51bd9d27c727580bba9947096fe89b8e2efb8e03a6"
"What are Promises and Observables in Angular?","https://medium.com/knowledge-pills/what-are-promises-and-observables-in-angular-1e7f10e5a092","2022-12-15","2022-12-15","https://miro.medium.com/v2/resize:fit:640/8e14c4381c6099d3ecf0f402666d596f5a6456be8a58343bf4d85acc567ba803"
"How to use ngFor in Angular","https://medium.com/knowledge-pills/how-to-use-ngfor-in-angular-1fc018e1fd84","2022-12-15","2022-12-15","https://miro.medium.com/v2/resize:fit:640/86f133e4424c43290199ce3727b65dccd9b29f2f1e6c8257a6abb6d021f45020"
"How to catch HTTP status code in Angular","https://medium.com/@fuji-nguyen/how-to-catch-http-status-code-in-angular-4243a5881e76","2022-12-15","2022-12-15","https://miro.medium.com/v2/resize:fit:640/0*X_MSfOUFsFcoCQOp"
"What is Angular HTTP interceptor?","https://medium.com/knowledge-pills/what-is-angular-http-interceptor-e4b01954904d","2022-12-15","2022-12-15","https://miro.medium.com/v2/resize:fit:640/a8ce0cea4b9fef8a54ce3f0bb96f7de702490ca0eded890b5bee29316727e477"
"How to hit a Pickleball reset","https://medium.com/pickleball/how-to-hit-pickleball-reset-52c904e5b509","2022-12-14","2024-02-24","https://miro.medium.com/v2/resize:fit:640/0*DCH0BPNWrLTMu1Hl"
"Pickleball joke","https://medium.com/pickleball/pickleball-joke-cfc9a54b441b","2022-12-14","2022-12-14","https://miro.medium.com/v2/resize:fit:640/56439e068a17200d733d148d8933d55501ac9dcc329a6f86272aeffc8ceb50a8"
"How to practice pickleball lob","https://medium.com/pickleball/how-to-practice-pickleball-lob-117ae05ae108","2022-12-14","2022-12-14","https://miro.medium.com/v2/resize:fit:640/319daec016b12da748373d51bd9d27c727580bba9947096fe89b8e2efb8e03a6"
"How to practice pickleball volley","https://medium.com/pickleball/how-to-practice-pickleball-volley-fbf5c15d6826","2022-12-14","2022-12-14","https://miro.medium.com/v2/resize:fit:640/3b073f7105bcb0070d5bd9098b373c2a23f26adebfa1e78a98950176da972768"
"How to practice pickleball dink shot","https://medium.com/pickleball/how-to-practice-pickleball-dink-shot-c1527309c2d0","2022-12-14","2022-12-14","https://miro.medium.com/v2/resize:fit:640/9aee695f83669503f97d9ca29d89942a49664c4fc27bb4f2faa3638390ceff5c"
"How to use GitFlow","https://medium.com/knowledge-pills/how-to-use-gitflow-1a6d634fbbef","2022-12-14","2022-12-14","https://miro.medium.com/v2/resize:fit:640/3b073f7105bcb0070d5bd9098b373c2a23f26adebfa1e78a98950176da972768"
"How to implement Auth Guard in Angular","https://medium.com/knowledge-pills/how-to-implement-auth-guard-in-angular-7c2fb0dabc16","2022-12-14","2022-12-14","https://miro.medium.com/v2/resize:fit:640/a8ce0cea4b9fef8a54ce3f0bb96f7de702490ca0eded890b5bee29316727e477"
"How to use Angular CLI","https://medium.com/knowledge-pills/how-to-use-angular-cli-5bd2231e0b45","2022-12-14","2022-12-14","https://miro.medium.com/v2/resize:fit:640/9aee695f83669503f97d9ca29d89942a49664c4fc27bb4f2faa3638390ceff5c"
"Catch errors globally using HTTP Interceptor in Angular","https://medium.com/@fuji-nguyen/catch-errors-globally-using-http-interceptor-in-angular-7693c951653a","2022-12-14","2022-12-25","https://miro.medium.com/v2/resize:fit:640/0*x1dndjBLZkzDomEM"
"How to create Bootstrap modal dialog in Angular","https://medium.com/knowledge-pills/how-to-create-bootstrap-modal-dialog-in-angular-b8ebdab79777","2022-12-14","2022-12-14","https://miro.medium.com/v2/resize:fit:640/50814f8da5bf3f0ecc414d5eeed8d40c98aa4a8f5a133d5030317044aa59e3b2"
"Duende IdentityServer integration with Facebook, Google, Microsoft, GitHub, and Twitter","https://medium.com/scrum-and-coke/duende-identityserver-integration-with-external-providers-facebook-google-microsoft-github-and-b67bb74c5f1e","2022-11-20","2024-01-08","https://miro.medium.com/v2/resize:fit:640/0*s1-JK-A0b4tPWY9a"
"Introduction to Mickleball — a skill assessment app for Pickleball players","https://medium.com/pickleball/pickleball-skill-assessment-app-mickleball-get-started-6b0524562f1c","2022-11-11","2022-12-10","https://miro.medium.com/v2/resize:fit:640/1*vbUaaib3Frm-x2JZ_Mh6kw.png"
"Integrate Asp.Net File Upload with Bootstrap Modal and Toastr","https://medium.com/scrum-and-coke/integrate-asp-net-file-upload-with-bootstrap-modal-and-toastr-9d115efd6731","2022-10-02","2024-06-27","https://miro.medium.com/v2/resize:fit:640/0*f69YvWmXjMTmMTka"
"Secure .NET CORE 6 Web API with JWT from Duende IdentityServer","https://medium.com/scrum-and-coke/secure-net-core-6-web-api-with-jwt-from-duente-identityserver-adf3518de965","2022-06-01","2023-02-28","https://miro.medium.com/v2/resize:fit:640/0*vWd6EbzAw17sV-xm"
"New release of Web API template OnionAPI","https://medium.com/scrum-and-coke/new-release-of-web-api-template-onionapi-67627dafe2e6","2022-05-07","2022-11-23","https://miro.medium.com/v2/resize:fit:640/0*gBlNR4g5mFX3J_HP"
"I am not familiar with this error.","https://medium.com/@fuji-nguyen/i-am-not-familiar-with-this-error-a796f6ac0e78","2022-02-06","2022-02-11","https://miro.medium.com/v2/resize:fit:640/bb187a1ebc430cb35e482a9757f2d15e8c83f5f7c5fab166e9004ce841008094"
"Authenticate Asp.Net Web Form with IdentityServer4","https://medium.com/scrum-and-coke/authenticate-asp-net-web-form-with-identityserver4-6fb4f9511d9f","2021-10-31","2022-01-04","https://miro.medium.com/v2/resize:fit:640/0*WezBDrwp9KOZ2eWZ"
"Crystal Report to PDF with Angular and WebAPI","https://medium.com/scrum-and-coke/view-crystal-report-in-pdf-with-angular-and-asp-net-rest-api-1d6c72168e7c","2021-10-16","2023-04-18","https://miro.medium.com/v2/resize:fit:640/0*Cuu60oGtMrWsHj8m"
"Containerize NetCore REST API and Microsoft SQL database","https://medium.com/scrum-and-coke/containerize-netcore-rest-api-and-database-7a0d8d09943e","2021-09-19","2022-01-05","https://miro.medium.com/v2/resize:fit:640/0*uorxA5jDlkQzEfKx"
"Token Service IdentityServer4 Sign in with GitHub","https://medium.com/scrum-and-coke/token-service-identityserver4-sign-in-using-github-as-identity-provider-5cb20b228a8e","2021-09-04","2022-01-05","https://miro.medium.com/v2/resize:fit:640/0*nRxnblv1jVpEf-GG"
"ASP.NET Core REST API Template Starter Kit","https://medium.com/scrum-and-coke/asp-net-core-rest-api-starter-kit-ecf81b341b41","2021-08-31","2022-12-24","https://miro.medium.com/v2/resize:fit:640/0*GPiC-V5y0fSOpXHE"
"Blazor Server app authentication against IdentityServer4","https://medium.com/scrum-and-coke/blazor-server-app-authentication-with-identityserver4-1d1080d6f57d","2021-08-21","2022-01-05","https://miro.medium.com/v2/resize:fit:640/0*0Ywr2rpFw8jH9Bpm"
"Angular Guard for Role-Based Access Control (RBAC) Driven by JWT","https://medium.com/scrum-and-coke/angular-guard-for-role-based-access-control-rbac-based-on-jwt-e79dfdb41f2a","2021-08-17","2023-03-02","https://miro.medium.com/v2/resize:fit:640/0*qB-IyRHQPLF0tlkg"
"ASP.NET Core Token Service Starter Kit","https://medium.com/scrum-and-coke/asp-net-core-token-service-starter-kit-f63bfdc0bbde","2021-07-31","2023-02-12","https://miro.medium.com/v2/resize:fit:640/0*S0L_Q7O1DbHtx0JD"
"Angular Starter Kit for Rapid Prototype","https://medium.com/scrum-and-coke/angular-starter-kit-tutorial-199e51f734bb","2021-06-30","2022-12-24","https://miro.medium.com/v2/resize:fit:640/0*gYGa9IbiW_6LUBAC"
"Blazor Server App Authentication with Azure AD","https://medium.com/scrum-and-coke/blazor-server-app-authentication-with-azure-ad-account-43b4e5ed446f","2021-06-19","2022-01-06","https://miro.medium.com/v2/resize:fit:640/0*RkpkOXnTlmGDuGJN"
"Secure React 17 with JWT and IdentityServer4","https://medium.com/scrum-and-coke/secure-react-17-with-jwt-and-identityserver4-91c0660df8e","2021-06-16","2023-02-15","https://miro.medium.com/v2/resize:fit:640/0*xmcqagUUtyOmMBbT"
"CAT (Clients-ApiResoures-TokenService) Weekly May 30— June 5, 2021","https://medium.com/@fuji-nguyen/cat-clients-apiresoures-tokenservice-weekly-may-30-june-5-2021-c31f7d77c61a","2021-06-11","2022-01-06","https://miro.medium.com/v2/resize:fit:640/bed282702cab068e73fed54f4f2476879d8beed14768d4a3cb7cf4d5e0cabebe"
"Secure Net 5 Blazor Web Assembly with JWT and IdentityServer4 Admin UI","https://medium.com/scrum-and-coke/securing-net-5-blazor-web-assembly-with-pkce-using-identityserver4-admin-ui-499cd6149af8","2021-06-02","2022-01-06","https://miro.medium.com/v2/resize:fit:640/0*qZ-mwuEQmFBMcwkl"
"Create your First Blazor WebAssembly App in NET 5 using Visual Studio 2019","https://medium.com/scrum-and-coke/create-your-first-blazor-webassembly-app-in-net-5-using-visual-studio-2019-9d18fb8412c7","2021-05-31","2022-01-06","https://miro.medium.com/v2/resize:fit:640/0*Yy9I4caIcjqkvRl9"
"CAT (Clients-ApiResoures-TokenService) Weekly May 23 — May 29, 2021","https://medium.com/knowledge-pills/cat-clients-apiresoures-tokenservice-weekly-may-23-may-29-2021-a12d27fdff29","2021-05-27","2022-01-06","https://miro.medium.com/v2/resize:fit:640/0*gDK1kIx0vi3ixcsS"
"Secure Angular 11 with JWT and IdentityServer4 Admin UI","https://medium.com/scrum-and-coke/secure-angular-with-identityserver4-admin-ui-5dd163ff1434","2021-05-24","2022-01-06","https://miro.medium.com/v2/resize:fit:640/0*JqIMylALZ1hGCK82"
"CAT (Clients-ApiResoures-TokenService) Weekly May 16 — May 22, 2021","https://medium.com/knowledge-pills/cat-clients-apiresoures-tokenservice-weekly-may-16-may-22-2021-f0401d9f0b5c","2021-05-18","2022-01-06","https://miro.medium.com/v2/resize:fit:640/0*2XGxE37KShX8ymKJ"
"Run IdentityServer4 Admin UI local and Azure","https://medium.com/scrum-and-coke/identityserver4-admin-ui-setup-in-azure-8e051bb55d7f","2021-05-09","2022-01-06","https://miro.medium.com/v2/resize:fit:640/0*JTirf4d1fpn_chUU"
"Angular 11 Modal Form, Dialog, and Toaster with Bootstrap","https://medium.com/scrum-and-coke/angular-11-modal-form-dialog-and-toaster-with-bootstrap-74e1a36e801a","2021-03-17","2023-03-02","https://miro.medium.com/v2/resize:fit:640/0*4inQ0CbACX3h9bs7"
"Angular 11 CRUD with .Net 5 REST API Tutorial","https://medium.com/scrum-and-coke/angular-11-crud-100-000-rows-d1db21afc31c","2021-03-04","2022-01-02","https://miro.medium.com/v2/resize:fit:640/0*3o8wOv4jxMSlaYnk"
"REST API with Oracle EntityFrameworkCore 5","https://medium.com/scrum-and-coke/rest-api-with-oracle-entityframeworkcore-5-7560f4afc47b","2021-02-23","2021-12-31","https://miro.medium.com/v2/resize:fit:640/0*I6N7SaTR7sttSUM6"
"NetCore 5 Pagination 100,000+ Rows","https://medium.com/scrum-and-coke/netcore-5-0-rest-api-pagination-of-100-000-rows-891af513cf1d","2021-02-21","2021-12-31","https://miro.medium.com/v2/resize:fit:640/0*l1dmtPD6WEJgLCR7"
"Version 1.3 of Visual Studio Template OnionAPI Now Available","https://medium.com/@fuji-nguyen/version-1-3-of-visual-studio-template-onionapi-now-available-79a0a6269fcb","2021-02-20","2021-12-31","https://miro.medium.com/v2/resize:fit:640/1*UqBC2Y41HeaHBPjSwwhswA.png"
"Angular 11 Pagination of 100,000+ Rows","https://medium.com/scrum-and-coke/angular-11-pagination-of-zillion-rows-45d8533538c0","2021-02-15","2021-12-30","https://miro.medium.com/v2/resize:fit:640/0*CaCAu6Fica5u2q0y"
"Knowledge Pill — Find the currently opened file in the Visual Studio Solution Explorer","https://medium.com/knowledge-pills/knowledge-pill-find-the-currently-opened-file-in-the-visual-studio-solution-explorer-9360228f7ba1","2021-02-09","2021-12-30","https://miro.medium.com/v2/resize:fit:640/1*yh7LNxqt1IJyjUiiEohszQ.png"
"CAT architecture pattern for modern app SPA/Mobile","https://medium.com/scrum-and-coke/cat-clients-apiresources-tokenservice-pattern-for-spa-mobile-420fbf1b4619","2021-02-07","2024-01-16","https://miro.medium.com/v2/resize:fit:640/0*D6vx0oH2NsLpxzoO"
"Secure Angular 11 App with Code Flow PKCE and IdentityServer4","https://medium.com/scrum-and-coke/securing-angular-11-app-with-identityserver4-and-code-flow-pkce-5eddc68666b2","2021-01-30","2023-02-13","https://miro.medium.com/v2/resize:fit:640/0*XDGR6DKqHcbODjKC"
"IdentityServer4 Admin UI from Skoruba.IdentityServer4.Admin Template","https://medium.com/scrum-and-coke/identityserver4-admin-ui-from-skoruba-template-84bd33bb9533","2021-01-10","2021-12-26","https://miro.medium.com/v2/resize:fit:640/0*CIZ75r0b-OXl9wXS"
"NetCore REST API CRUD, Filter, Sort, Page, and Shape Data with VS Template OnionAPI","https://medium.com/scrum-and-coke/rapid-prototype-asp-net-core-rest-api-using-onionapi-template-b10eea295655","2021-01-03","2021-12-25","https://miro.medium.com/v2/resize:fit:640/0*oe9jmJ5r_W0nyHeP"
"Bogus Library for Fake Data In ASP.NET Core WebAPI","https://medium.com/scrum-and-coke/quick-proof-of-concept-asp-net-core-web-api-using-swashbuckle-aspnetcore-and-bogus-19977c84d4a2","2020-12-25","2021-12-25","https://miro.medium.com/v2/resize:fit:640/0*9L38U0dbv8KZvtlT"
"NetCore REST API/Dapper/SQLKata with VS Template KissApi","https://medium.com/scrum-and-coke/rapid-prototype-asp-net-708df7a59a3","2020-11-22","2021-12-16","https://miro.medium.com/v2/resize:fit:640/0*n3szgZtXHGqdBmcS"
"IdentityServer4 Claims-Based Policy WebAPI Security | Tutorial 6","https://medium.com/scrum-and-coke/devkit-webapi-security-tutorial-6-asp-net-claims-based-policy-to-secure-webapi-4f757694db5b","2020-10-21","2021-12-16","https://miro.medium.com/v2/resize:fit:640/0*Ogdry99--_XCyvyC"
"IdentityServer4 Angular SPA authentication | Tutorial 5","https://medium.com/scrum-and-coke/devkit-webapi-security-tutorial-5-set-up-an-angular-spa-and-configure-the-oidc-library-159d145c7434","2020-10-17","2021-12-16","https://miro.medium.com/v2/resize:fit:640/0*pTqvAekiaGkdpdpn"
"IdentityServer4 WebAPI JWT validation against | Tutorial 4","https://medium.com/scrum-and-coke/devkit-webapi-security-tutorial-4-set-up-an-asp-net-fe848265e75c","2020-10-16","2021-12-16","https://miro.medium.com/v2/resize:fit:640/0*AxZecp1GPBj1bsmn"
"IdentityServer4 Setup and Configure Secure Token Service | Tutorial 3","https://medium.com/scrum-and-coke/devkit-webapi-security-tutorial-3-set-up-and-configure-secure-token-service-sts-in-10-minutes-1f7daa44a0e6","2020-10-12","2021-12-16","https://miro.medium.com/v2/resize:fit:640/0*YZ0wh9XtpMS9LWgA"
"IdentityServer4 Register Clients and ApiResources | Tutorial 2","https://medium.com/scrum-and-coke/devkit-webapi-security-tutorial-2-register-clients-and-apiresources-in-sts-via-admin-ui-d3905002f2fb","2020-10-07","2021-12-15","https://miro.medium.com/v2/resize:fit:640/0*KrXduGFRAvIuKds9"
"IdentityServer4 Setup Token Service Admin UI | Tutorial 1","https://medium.com/scrum-and-coke/devkit-webapi-tutorial-1-set-up-secure-token-service-sts-admin-ui-in-10-minutes-61ac4fd50b78","2020-09-28","2021-12-15","https://miro.medium.com/v2/resize:fit:640/0*ImF-ObLGNb4AEfE2"
"IdentityServer4, Admin UI, ASP.NET WebAPI, and Angular Tutorial Series","https://medium.com/scrum-and-coke/devkit-webapi-security-d7a45e34a5cd","2020-09-16","2021-12-15","https://miro.medium.com/v2/resize:fit:640/0*c1YCSq6l_WYr3eIf"
"IdentityServer4 Adding custom properties to User .NET Core 3.1","https://medium.com/scrum-and-coke/identityserver4-adding-custom-properties-to-user-net-core-3-1-87031991b64d","2020-07-19","2021-12-15","https://miro.medium.com/v2/resize:fit:640/0*hTanj1wgCS2wqtp_"